dataset,case_key,input_file,width,height,method,loss_fraction,received_fraction,decoded,bpp_received,psnr_db,ssim,mae,encode_time_s,decode_time_s,encoded_size_bytes,received_size_bytes,notes
kodak,kodim01,kodim01.png,768,512,Hybrid IMCS,0.0,1.0,1,1.2513834635416667,21.453828254304852,0.5830271111553759,14.642652850737875,0.21968345809727907,0.3238741250243038,61508,61508,measurement_bytes=30720
kodak,kodim01,kodim01.png,768,512,JPEG strict,0.0,1.0,1,1.6109212239583333,32.2758595356366,0.9299274642022657,4.59405517578125,0.0015707500278949738,0.0013754160609096289,79180,79180,
kodak,kodim01,kodim01.png,768,512,JPEG tolerant,0.0,1.0,1,1.6109212239583333,32.2758595356366,0.9299274642022657,4.59405517578125,0.0015707500278949738,0.0012595420703291893,79180,79180,
kodak,kodim01,kodim01.png,768,512,Hybrid IMCS,0.1,0.9,1,1.1888834635416667,21.526459110542685,0.5712972037437704,14.55174604915826,0.21968345809727907,0.4058692919788882,61508,58436,measurement_bytes=30720
kodak,kodim01,kodim01.png,768,512,JPEG strict,0.1,0.9,0,1.4498291015625,0.0,0.0,255.0,0.0015707500278949738,0.0009228750132024288,79180,71262,image file is truncated (11 bytes not processed)
kodak,kodim01,kodim01.png,768,512,JPEG tolerant,0.1,0.9,1,1.4498291015625,22.27334330564689,0.8581589115230418,9.662821451822916,0.0015707500278949738,0.0010394579730927944,79180,71262,
kodak,kodim01,kodim01.png,768,512,Hybrid IMCS,0.25,0.75,1,1.0951334635416667,21.88940211583445,0.5712901068194516,13.950723979436097,0.21968345809727907,0.3201534999534488,61508,53828,measurement_bytes=30720
kodak,kodim01,kodim01.png,768,512,JPEG strict,0.25,0.75,0,1.20819091796875,0.0,0.0,255.0,0.0015707500278949738,0.0007800409803166986,79180,59385,image file is truncated (4 bytes not processed)
kodak,kodim01,kodim01.png,768,512,JPEG tolerant,0.25,0.75,1,1.20819091796875,20.47322936788143,0.7586224480848432,13.10381825764974,0.0015707500278949738,0.0009654168970882893,79180,59385,
kodak,kodim01,kodim01.png,768,512,Hybrid IMCS,0.5,0.5,1,0.9388834635416666,21.997131355777498,0.5711040202357057,13.778890856254131,0.21968345809727907,0.310269583016634,61508,46148,measurement_bytes=30720
kodak,kodim01,kodim01.png,768,512,JPEG strict,0.5,0.5,0,0.8054606119791666,0.0,0.0,255.0,0.0015707500278949738,0.0005784999812021852,79180,39590,image file is truncated (15 bytes not processed)
kodak,kodim01,kodim01.png,768,512,JPEG tolerant,0.5,0.5,1,0.8054606119791666,16.9995348124127,0.5778300977482386,23.926620483398438,0.0015707500278949738,0.000780666945502162,79180,39590,
kodak,kodim01,kodim01.png,768,512,Hybrid IMCS,0.75,0.25,1,0.7826334635416666,22.119386195982806,0.5742425951214606,13.563303060727662,0.21968345809727907,0.268212458002381,61508,38468,measurement_bytes=30720
kodak,kodim01,kodim01.png,768,512,JPEG strict,0.75,0.25,0,0.4027303059895833,0.0,0.0,255.0,0.0015707500278949738,0.00035916699562221766,79180,19795,image file is truncated (6 bytes not processed)
kodak,kodim01,kodim01.png,768,512,JPEG tolerant,0.75,0.25,1,0.4027303059895833,16.28641743432138,0.41657300629559474,28.421218872070312,0.0015707500278949738,0.0005733339348807931,79180,19795,
kodak,kodim02,kodim02.png,768,512,Hybrid IMCS,0.0,1.0,1,1.2513834635416667,28.569321126898455,0.8023651666457585,5.535557093436453,0.19237908290233463,0.3195825839648023,61508,61508,measurement_bytes=30720
kodak,kodim02,kodim02.png,768,512,JPEG strict,0.0,1.0,1,0.86431884765625,36.459130342675344,0.9190503407757525,2.6773045857747397,0.0012257919879630208,0.0009387499885633588,42483,42483,
kodak,kodim02,kodim02.png,768,512,JPEG tolerant,0.0,1.0,1,0.86431884765625,36.459130342675344,0.9190503407757525,2.6773045857747397,0.0012257919879630208,0.0009358329698443413,42483,42483,
kodak,kodim02,kodim02.png,768,512,Hybrid IMCS,0.1,0.9,1,1.1888834635416667,28.58514080015038,0.8007566429876793,5.495511947009757,0.19237908290233463,0.4048872919520363,61508,58436,measurement_bytes=30720
kodak,kodim02,kodim02.png,768,512,JPEG strict,0.1,0.9,0,0.77789306640625,0.0,0.0,255.0,0.0012257919879630208,0.0006783750141039491,42483,38235,image file is truncated (2 bytes not processed)
kodak,kodim02,kodim02.png,768,512,JPEG tolerant,0.1,0.9,1,0.77789306640625,22.151577531410336,0.8771755614954914,9.504730224609375,0.0012257919879630208,0.000783708062954247,42483,38235,
kodak,kodim02,kodim02.png,768,512,Hybrid IMCS,0.25,0.75,1,1.0951334635416667,28.991820998639728,0.808827815126957,5.230304114378021,0.19237908290233463,0.31176587496884167,61508,53828,measurement_bytes=30720
kodak,kodim02,kodim02.png,768,512,JPEG strict,0.25,0.75,0,0.6482340494791666,0.0,0.0,255.0,0.0012257919879630208,0.0005672079278156161,42483,31862,image file is truncated (0 bytes not processed)
kodak,kodim02,kodim02.png,768,512,JPEG tolerant,0.25,0.75,1,0.6482340494791666,18.547722597698325,0.8261442685489057,18.99102274576823,0.0012257919879630208,0.000731125008314848,42483,31862,
kodak,kodim02,kodim02.png,768,512,Hybrid IMCS,0.5,0.5,1,0.9388834635416666,29.03755444617694,0.8093161815750992,5.177469632378646,0.19237908290233463,0.3175984160043299,61508,46148,measurement_bytes=30720
kodak,kodim02,kodim02.png,768,512,JPEG strict,0.5,0.5,0,0.4321695963541667,0.0,0.0,255.0,0.0012257919879630208,0.00041737500578165054,42483,21242,image file is truncated (0 bytes not processed)
kodak,kodim02,kodim02.png,768,512,JPEG tolerant,0.5,0.5,1,0.4321695963541667,15.743120258114791,0.7377894661339557,32.53924051920573,0.0012257919879630208,0.0006115840515121818,42483,21242,
kodak,kodim02,kodim02.png,768,512,Hybrid IMCS,0.75,0.25,1,0.7826334635416666,29.198136992922446,0.8256798443031683,5.035772814825411,0.19237908290233463,0.2705421249847859,61508,38468,measurement_bytes=30720
kodak,kodim02,kodim02.png,768,512,JPEG strict,0.75,0.25,0,0.21608479817708334,0.0,0.0,255.0,0.0012257919879630208,0.000269042095169425,42483,10621,image file is truncated (3 bytes not processed)
kodak,kodim02,kodim02.png,768,512,JPEG tolerant,0.75,0.25,1,0.21608479817708334,14.418339080695585,0.6438440390175986,42.36730702718099,0.0012257919879630208,0.0004929159767925739,42483,10621,
kodak,kodim03,kodim03.png,768,512,Hybrid IMCS,0.0,1.0,1,1.2513834635416667,28.916822584924475,0.8436651431637413,4.737121087681456,0.1935312079731375,0.3205990419955924,61508,61508,measurement_bytes=30720
kodak,kodim03,kodim03.png,768,512,JPEG strict,0.0,1.0,1,0.74481201171875,38.09639801680338,0.9548758490818745,2.0234349568684897,0.001222624909132719,0.0008996659889817238,36609,36609,
kodak,kodim03,kodim03.png,768,512,JPEG tolerant,0.0,1.0,1,0.74481201171875,38.09639801680338,0.9548758490818745,2.0234349568684897,0.001222624909132719,0.0008665419882163405,36609,36609,
kodak,kodim03,kodim03.png,768,512,Hybrid IMCS,0.1,0.9,1,1.1888834635416667,28.81754214412188,0.8658922396289709,4.752132840059929,0.1935312079731375,0.40539291698951274,61508,58436,measurement_bytes=30720
kodak,kodim03,kodim03.png,768,512,JPEG strict,0.1,0.9,0,0.6703287760416666,0.0,0.0,255.0,0.001222624909132719,0.0006151669658720493,36609,32948,image file is truncated (6 bytes not processed)
kodak,kodim03,kodim03.png,768,512,JPEG tolerant,0.1,0.9,1,0.6703287760416666,23.657436357620437,0.9140543655492029,5.748278299967448,0.001222624909132719,0.0007454589940607548,36609,32948,
kodak,kodim03,kodim03.png,768,512,Hybrid IMCS,0.25,0.75,1,1.0951334635416667,29.22184826847632,0.8613691409235958,4.54658908972038,0.1935312079731375,0.3092502080835402,61508,53828,measurement_bytes=30720
kodak,kodim03,kodim03.png,768,512,JPEG strict,0.25,0.75,0,0.5586140950520834,0.0,0.0,255.0,0.001222624909132719,0.0005265000509098172,36609,27457,image file is truncated (9 bytes not processed)
kodak,kodim03,kodim03.png,768,512,JPEG tolerant,0.25,0.75,1,0.5586140950520834,19.495628675123523,0.8612608251837496,12.31195068359375,0.001222624909132719,0.0006672499002888799,36609,27457,
kodak,kodim03,kodim03.png,768,512,Hybrid IMCS,0.5,0.5,1,0.9388834635416666,29.256009428756183,0.8477207101544932,4.51957984308548,0.1935312079731375,0.3132955830078572,61508,46148,measurement_bytes=30720
kodak,kodim03,kodim03.png,768,512,JPEG strict,0.5,0.5,0,0.3723958333333333,0.0,0.0,255.0,0.001222624909132719,0.0004591670585796237,36609,18304,image file is truncated (3 bytes not processed)
kodak,kodim03,kodim03.png,768,512,JPEG tolerant,0.5,0.5,1,0.3723958333333333,16.36080935709092,0.7695719267703502,23.58116404215495,0.001222624909132719,0.000826000003144145,36609,18304,
kodak,kodim03,kodim03.png,768,512,Hybrid IMCS,0.75,0.25,1,0.7826334635416666,29.36355816283975,0.8446322006946612,4.45371374440568,0.1935312079731375,0.308731707977131,61508,38468,measurement_bytes=30720
kodak,kodim03,kodim03.png,768,512,JPEG strict,0.75,0.25,0,0.18619791666666666,0.0,0.0,255.0,0.001222624909132719,0.00029812497086822987,36609,9152,image file is truncated (12 bytes not processed)
kodak,kodim03,kodim03.png,768,512,JPEG tolerant,0.75,0.25,1,0.18619791666666666,15.676286099901308,0.7044032525602941,29.3197021484375,0.001222624909132719,0.0006019170396029949,36609,9152,
kodak,kodim04,kodim04.png,512,768,Hybrid IMCS,0.0,1.0,1,1.2513834635416667,27.4258233566406,0.8103766000786695,6.190487738710286,0.19897016696631908,0.3265290000708774,61508,61508,measurement_bytes=30720
kodak,kodim04,kodim04.png,512,768,JPEG strict,0.0,1.0,1,0.9356892903645834,36.59851453433407,0.9318686464744163,2.6509831746419272,0.001232084003277123,0.0009897920535877347,45991,45991,
kodak,kodim04,kodim04.png,512,768,JPEG tolerant,0.0,1.0,1,0.9356892903645834,36.59851453433407,0.9318686464744163,2.6509831746419272,0.001232084003277123,0.0010264170123264194,45991,45991,
kodak,kodim04,kodim04.png,512,768,Hybrid IMCS,0.1,0.9,1,1.1888834635416667,27.427398318847423,0.8156411331161556,6.169820076972852,0.19897016696631908,0.4474219169933349,61508,58436,measurement_bytes=30720
kodak,kodim04,kodim04.png,512,768,JPEG strict,0.1,0.9,0,0.8421223958333334,0.0,0.0,255.0,0.001232084003277123,0.0006720420205965638,45991,41392,image file is truncated (0 bytes not processed)
kodak,kodim04,kodim04.png,512,768,JPEG tolerant,0.1,0.9,1,0.8421223958333334,24.49771503024566,0.8942669423790274,6.3274180094401045,0.001232084003277123,0.0008050000760704279,45991,41392,
kodak,kodim04,kodim04.png,512,768,Hybrid IMCS,0.25,0.75,1,1.0951334635416667,27.809149838434443,0.8402351428624973,5.8912749331132375,0.19897016696631908,0.3150798750575632,61508,53828,measurement_bytes=30720
kodak,kodim04,kodim04.png,512,768,JPEG strict,0.25,0.75,0,0.7017618815104166,0.0,0.0,255.0,0.001232084003277123,0.0005968749755993485,45991,34493,image file is truncated (15 bytes not processed)
kodak,kodim04,kodim04.png,512,768,JPEG tolerant,0.25,0.75,1,0.7017618815104166,20.5633523345948,0.8382746502553943,11.783851623535156,0.001232084003277123,0.0007342909229919314,45991,34493,
kodak,kodim04,kodim04.png,512,768,Hybrid IMCS,0.5,0.5,1,0.9388834635416666,27.97078087883279,0.8080141929477058,5.800533962247836,0.19897016696631908,0.3152817079098895,61508,46148,measurement_bytes=30720
kodak,kodim04,kodim04.png,512,768,JPEG strict,0.5,0.5,0,0.4678548177083333,0.0,0.0,255.0,0.001232084003277123,0.00043345801532268524,45991,22996,image file is truncated (12 bytes not processed)
kodak,kodim04,kodim04.png,512,768,JPEG tolerant,0.5,0.5,1,0.4678548177083333,17.30868117354249,0.7368861926295377,22.25501759847005,0.001232084003277123,0.0006147499661892653,45991,22996,
kodak,kodim04,kodim04.png,512,768,Hybrid IMCS,0.75,0.25,1,0.7826334635416666,28.143892754508588,0.8063060225213494,5.6933562245035345,0.19897016696631908,0.27703841705806553,61508,38468,measurement_bytes=30720
kodak,kodim04,kodim04.png,512,768,JPEG strict,0.75,0.25,0,0.23392740885416666,0.0,0.0,255.0,0.001232084003277123,0.0002792499726638198,45991,11498,image file is truncated (11 bytes not processed)
kodak,kodim04,kodim04.png,512,768,JPEG tolerant,0.75,0.25,1,0.23392740885416666,15.167961252897452,0.6420547574134393,33.99417368570963,0.001232084003277123,0.0005112080834805965,45991,11498,
kodak,kodim05,kodim05.png,768,512,Hybrid IMCS,0.0,1.0,1,1.2513834635416667,20.94411636937334,0.6625367958627474,14.892477181942203,0.18872433400247246,0.31822520797140896,61508,61508,measurement_bytes=30720
kodak,kodim05,kodim05.png,768,512,JPEG strict,0.0,1.0,1,1.7162068684895833,32.979282465675674,0.9490971722341724,4.153566996256511,0.001330957980826497,0.0012274159817025065,84355,84355,
kodak,kodim05,kodim05.png,768,512,JPEG tolerant,0.0,1.0,1,1.7162068684895833,32.979282465675674,0.9490971722341724,4.153566996256511,0.001330957980826497,0.0012684999965131283,84355,84355,
kodak,kodim05,kodim05.png,768,512,Hybrid IMCS,0.1,0.9,1,1.1888834635416667,20.905657347500927,0.6691790066303319,14.919584050099365,0.18872433400247246,0.4049733750289306,61508,58436,measurement_bytes=30720
kodak,kodim05,kodim05.png,768,512,JPEG strict,0.1,0.9,0,1.5445963541666667,0.0,0.0,255.0,0.001330957980826497,0.0009256250923499465,84355,75920,image file is truncated (7 bytes not processed)
kodak,kodim05,kodim05.png,768,512,JPEG tolerant,0.1,0.9,1,1.5445963541666667,21.896506431455578,0.8708683631962089,9.215667724609375,0.001330957980826497,0.0010589159792289138,84355,75920,
kodak,kodim05,kodim05.png,768,512,Hybrid IMCS,0.25,0.75,1,1.0951334635416667,21.270632460130912,0.6720965802243141,14.289387446722793,0.18872433400247246,0.3063695840537548,61508,53828,measurement_bytes=30720
kodak,kodim05,kodim05.png,768,512,JPEG strict,0.25,0.75,0,1.2871500651041667,0.0,0.0,255.0,0.001330957980826497,0.0008122080471366644,84355,63266,image file is truncated (5 bytes not processed)
kodak,kodim05,kodim05.png,768,512,JPEG tolerant,0.25,0.75,1,1.2871500651041667,17.395584377316744,0.759465781822262,18.069971720377605,0.001330957980826497,0.0009483330650255084,84355,63266,
kodak,kodim05,kodim05.png,768,512,Hybrid IMCS,0.5,0.5,1,0.9388834635416666,21.33297490435362,0.6517657410245336,14.182001671349589,0.18872433400247246,0.3068476669723168,61508,46148,measurement_bytes=30720
kodak,kodim05,kodim05.png,768,512,JPEG strict,0.5,0.5,0,0.8581136067708334,0.0,0.0,255.0,0.001330957980826497,0.0005877499934285879,84355,42178,image file is truncated (8 bytes not processed)
kodak,kodim05,kodim05.png,768,512,JPEG tolerant,0.5,0.5,1,0.8581136067708334,14.110579070872632,0.5693251718366757,33.518089294433594,0.001330957980826497,0.0007812499534338713,84355,42178,
kodak,kodim05,kodim05.png,768,512,Hybrid IMCS,0.75,0.25,1,0.7826334635416666,21.47867530077139,0.6598952955030105,13.93579848292264,0.18872433400247246,0.26507554191630334,61508,38468,measurement_bytes=30720
kodak,kodim05,kodim05.png,768,512,JPEG strict,0.75,0.25,0,0.4290568033854167,0.0,0.0,255.0,0.001330957980826497,0.0003637499175965786,84355,21089,image file is truncated (4 bytes not processed)
kodak,kodim05,kodim05.png,768,512,JPEG tolerant,0.75,0.25,1,0.4290568033854167,12.693510364859106,0.3934676437199498,45.78690846761068,0.001330957980826497,0.0006537920562550426,84355,21089,
kodak,kodim06,kodim06.png,768,512,Hybrid IMCS,0.0,1.0,1,1.2513834635416667,23.615742093944924,0.7173121531844814,10.31257208156831,0.18802879191935062,0.313713249983266,61508,61508,measurement_bytes=30720
kodak,kodim06,kodim06.png,768,512,JPEG strict,0.0,1.0,1,1.2874755859375,33.94324250117944,0.9387161985032634,3.5649007161458335,0.001248291926458478,0.001080749905668199,63282,63282,
kodak,kodim06,kodim06.png,768,512,JPEG tolerant,0.0,1.0,1,1.2874755859375,33.94324250117944,0.9387161985032634,3.5649007161458335,0.001248291926458478,0.0010626669973134995,63282,63282,
kodak,kodim06,kodim06.png,768,512,Hybrid IMCS,0.1,0.9,1,1.1888834635416667,23.579567975214605,0.702053367274329,10.31625737390957,0.18802879191935062,0.4004319590749219,61508,58436,measurement_bytes=30720
kodak,kodim06,kodim06.png,768,512,JPEG strict,0.1,0.9,0,1.1587320963541667,0.0,0.0,255.0,0.001248291926458478,0.0007842089980840683,63282,56954,image file is truncated (2 bytes not processed)
kodak,kodim06,kodim06.png,768,512,JPEG tolerant,0.1,0.9,1,1.1587320963541667,22.543855841995054,0.8798047572358394,9.137438456217447,0.001248291926458478,0.0009132500272244215,63282,56954,
kodak,kodim06,kodim06.png,768,512,Hybrid IMCS,0.25,0.75,1,1.0951334635416667,23.97398597455013,0.7209730508465793,9.896163836252427,0.18802879191935062,0.3068449170095846,61508,53828,measurement_bytes=30720
kodak,kodim06,kodim06.png,768,512,JPEG strict,0.25,0.75,0,0.9656168619791666,0.0,0.0,255.0,0.001248291926458478,0.0006803750293329358,63282,47462,image file is truncated (0 bytes not processed)
kodak,kodim06,kodim06.png,768,512,JPEG tolerant,0.25,0.75,1,0.9656168619791666,19.676622251769963,0.8006352298780054,15.605224609375,0.001248291926458478,0.0008212919346988201,63282,47462,
kodak,kodim06,kodim06.png,768,512,Hybrid IMCS,0.5,0.5,1,0.9388834635416666,24.01650802080536,0.703492483060311,9.829253028301794,0.18802879191935062,0.3174200829816982,61508,46148,measurement_bytes=30720
kodak,kodim06,kodim06.png,768,512,JPEG strict,0.5,0.5,0,0.64373779296875,0.0,0.0,255.0,0.001248291926458478,0.0005299169570207596,63282,31641,image file is truncated (14 bytes not processed)
kodak,kodim06,kodim06.png,768,512,JPEG tolerant,0.5,0.5,1,0.64373779296875,17.903030089675905,0.665393340663219,21.23754374186198,0.001248291926458478,0.0007612090557813644,63282,31641,
kodak,kodim06,kodim06.png,768,512,Hybrid IMCS,0.75,0.25,1,0.7826334635416666,24.108547862365768,0.7047106571457689,9.738341515997634,0.18802879191935062,0.36823041597381234,61508,38468,measurement_bytes=30720
kodak,kodim06,kodim06.png,768,512,JPEG strict,0.75,0.25,0,0.3218587239583333,0.0,0.0,255.0,0.001248291926458478,0.00034437491558492184,63282,15820,image file is truncated (2 bytes not processed)
kodak,kodim06,kodim06.png,768,512,JPEG tolerant,0.75,0.25,1,0.3218587239583333,17.30508718438204,0.5323464717247147,24.45685323079427,0.001248291926458478,0.0005563340382650495,63282,15820,
kodak,kodim07,kodim07.png,768,512,Hybrid IMCS,0.0,1.0,1,1.2513834635416667,27.040219813580805,0.8540791207799724,6.095157966249929,0.3097696250770241,0.43798429204616696,61508,61508,measurement_bytes=30720
kodak,kodim07,kodim07.png,768,512,JPEG strict,0.0,1.0,1,0.8973795572916666,37.75229954175325,0.9649066878478333,2.1202799479166665,0.001307041966356337,0.001368874916806817,44108,44108,
kodak,kodim07,kodim07.png,768,512,JPEG tolerant,0.0,1.0,1,0.8973795572916666,37.75229954175325,0.9649066878478333,2.1202799479166665,0.001307041966356337,0.0009594169678166509,44108,44108,
kodak,kodim07,kodim07.png,768,512,Hybrid IMCS,0.1,0.9,1,1.1888834635416667,27.011206168113926,0.8485835487426098,6.1066171750245966,0.3097696250770241,0.46711562504060566,61508,58436,measurement_bytes=30720
kodak,kodim07,kodim07.png,768,512,JPEG strict,0.1,0.9,0,0.8076375325520834,0.0,0.0,255.0,0.001307041966356337,0.0006732920883223414,44108,39697,image file is truncated (0 bytes not processed)
kodak,kodim07,kodim07.png,768,512,JPEG tolerant,0.1,0.9,1,0.8076375325520834,26.413357452320806,0.929334302490472,4.1742197672526045,0.001307041966356337,0.0007822499610483646,44108,39697,
kodak,kodim07,kodim07.png,768,512,Hybrid IMCS,0.25,0.75,1,1.0951334635416667,27.415190154461683,0.8495841429747442,5.852257894022583,0.3097696250770241,0.49237262504175305,61508,53828,measurement_bytes=30720
kodak,kodim07,kodim07.png,768,512,JPEG strict,0.25,0.75,0,0.67303466796875,0.0,0.0,255.0,0.001307041966356337,0.000569084077142179,44108,33081,image file is truncated (3 bytes not processed)
kodak,kodim07,kodim07.png,768,512,JPEG tolerant,0.25,0.75,1,0.67303466796875,22.305525429421415,0.8651827572128011,9.190394083658854,0.001307041966356337,0.000738083035685122,44108,33081,
kodak,kodim07,kodim07.png,768,512,Hybrid IMCS,0.5,0.5,1,0.9388834635416666,27.458366519890763,0.8588226882009465,5.816650381466496,0.3097696250770241,0.3343109580455348,61508,46148,measurement_bytes=30720
kodak,kodim07,kodim07.png,768,512,JPEG strict,0.5,0.5,0,0.4486897786458333,0.0,0.0,255.0,0.001307041966356337,0.0005075420485809445,44108,22054,image file is truncated (8 bytes not processed)
kodak,kodim07,kodim07.png,768,512,JPEG tolerant,0.5,0.5,1,0.4486897786458333,18.76416333205303,0.7521591228337797,16.78398895263672,0.001307041966356337,0.0006767079466953874,44108,22054,
kodak,kodim07,kodim07.png,768,512,Hybrid IMCS,0.75,0.25,1,0.7826334635416666,27.557701653454533,0.8538468020589315,5.746799043687413,0.3097696250770241,0.3910897079622373,61508,38468,measurement_bytes=30720
kodak,kodim07,kodim07.png,768,512,JPEG strict,0.75,0.25,0,0.22434488932291666,0.0,0.0,255.0,0.001307041966356337,0.00028608308639377356,44108,11027,image file is truncated (13 bytes not processed)
kodak,kodim07,kodim07.png,768,512,JPEG tolerant,0.75,0.25,1,0.22434488932291666,17.069599502954972,0.646949509161108,23.32092030843099,0.001307041966356337,0.0005142090376466513,44108,11027,
kodak,kodim08,kodim08.png,768,512,Hybrid IMCS,0.0,1.0,1,1.2513834635416667,18.51157832580337,0.6164639795766245,19.447930721962013,0.21245099999941885,0.48610341595485806,61508,61508,measurement_bytes=30720
kodak,kodim08,kodim08.png,768,512,JPEG strict,0.0,1.0,1,1.75372314453125,32.47320722505663,0.9425311916300932,4.458951314290364,0.001452542026527226,0.0013159159570932388,86199,86199,
kodak,kodim08,kodim08.png,768,512,JPEG tolerant,0.0,1.0,1,1.75372314453125,32.47320722505663,0.9425311916300932,4.458951314290364,0.001452542026527226,0.003754083067178726,86199,86199,
kodak,kodim08,kodim08.png,768,512,Hybrid IMCS,0.1,0.9,1,1.1888834635416667,18.630881177651816,0.6111798274755942,19.268972962269032,0.21245099999941885,0.6192536249291152,61508,58436,measurement_bytes=30720
kodak,kodim08,kodim08.png,768,512,JPEG strict,0.1,0.9,0,1.5783487955729167,0.0,0.0,255.0,0.001452542026527226,0.001007000100798905,86199,77579,image file is truncated (5 bytes not processed)
kodak,kodim08,kodim08.png,768,512,JPEG tolerant,0.1,0.9,1,1.5783487955729167,21.403205477718636,0.8675355254196561,9.644648234049479,0.001452542026527226,0.0011129999766126275,86199,77579,
kodak,kodim08,kodim08.png,768,512,Hybrid IMCS,0.25,0.75,1,1.0951334635416667,19.055923539474172,0.6219958144248429,18.40008957172645,0.21245099999941885,0.457637874991633,61508,53828,measurement_bytes=30720
kodak,kodim08,kodim08.png,768,512,JPEG strict,0.25,0.75,0,1.3152872721354167,0.0,0.0,255.0,0.001452542026527226,0.0008599580032750964,86199,64649,image file is truncated (7 bytes not processed)
kodak,kodim08,kodim08.png,768,512,JPEG tolerant,0.25,0.75,1,1.3152872721354167,17.72731775476316,0.7508008654076779,17.402936299641926,0.001452542026527226,0.000991834094747901,86199,64649,
kodak,kodim08,kodim08.png,768,512,Hybrid IMCS,0.5,0.5,1,0.9388834635416666,19.17366045913402,0.619410196562147,18.165079931147613,0.21245099999941885,0.4294398749480024,61508,46148,measurement_bytes=30720
kodak,kodim08,kodim08.png,768,512,JPEG strict,0.5,0.5,0,0.8768717447916666,0.0,0.0,255.0,0.001452542026527226,0.0006089169764891267,86199,43100,image file is truncated (10 bytes not processed)
kodak,kodim08,kodim08.png,768,512,JPEG tolerant,0.5,0.5,1,0.8768717447916666,14.504401206241084,0.5675507431194527,31.403951009114582,0.001452542026527226,0.0007800000021234155,86199,43100,
kodak,kodim08,kodim08.png,768,512,Hybrid IMCS,0.75,0.25,1,0.7826334635416666,19.34672019099712,0.6110935502686416,17.852140067538304,0.21245099999941885,0.4141406669514254,61508,38468,measurement_bytes=30720
kodak,kodim08,kodim08.png,768,512,JPEG strict,0.75,0.25,0,0.4384358723958333,0.0,0.0,255.0,0.001452542026527226,0.00035129208117723465,86199,21550,image file is truncated (5 bytes not processed)
kodak,kodim08,kodim08.png,768,512,JPEG tolerant,0.75,0.25,1,0.4384358723958333,13.116981266979455,0.3909928719895211,42.07039896647135,0.001452542026527226,0.0005890410393476486,86199,21550,
kodak,kodim09,kodim09.png,512,768,Hybrid IMCS,0.0,1.0,1,1.2513834635416667,25.429741353344784,0.8345502954490449,6.570746022275732,0.2579782500397414,0.4423939579864964,61508,61508,measurement_bytes=30720
kodak,kodim09,kodim09.png,512,768,JPEG strict,0.0,1.0,1,0.7774658203125,37.55446243219232,0.9426264518809727,2.3525543212890625,0.0027102080639451742,0.0009155829902738333,38214,38214,
kodak,kodim09,kodim09.png,512,768,JPEG tolerant,0.0,1.0,1,0.7774658203125,37.55446243219232,0.9426264518809727,2.3525543212890625,0.0027102080639451742,0.0008566250326111913,38214,38214,
kodak,kodim09,kodim09.png,512,768,Hybrid IMCS,0.1,0.9,1,1.1888834635416667,25.5309083157865,0.8375807140822916,6.516100033643954,0.2579782500397414,0.4131885420065373,61508,58436,measurement_bytes=30720
kodak,kodim09,kodim09.png,512,768,JPEG strict,0.1,0.9,0,0.6997273763020834,0.0,0.0,255.0,0.0027102080639451742,0.0006413329392671585,38214,34393,image file is truncated (7 bytes not processed)
kodak,kodim09,kodim09.png,512,768,JPEG tolerant,0.1,0.9,1,0.6997273763020834,27.754856515957368,0.8993947604995091,4.510894775390625,0.0027102080639451742,0.0007723750313743949,38214,34393,
kodak,kodim09,kodim09.png,512,768,Hybrid IMCS,0.25,0.75,1,1.0951334635416667,25.97011853448384,0.8331676913973296,6.230249374324377,0.2579782500397414,0.39166333398316056,61508,53828,measurement_bytes=30720
kodak,kodim09,kodim09.png,512,768,JPEG strict,0.25,0.75,0,0.5830891927083334,0.0,0.0,255.0,0.0027102080639451742,0.0006364999571815133,38214,28660,image file is truncated (10 bytes not processed)
kodak,kodim09,kodim09.png,512,768,JPEG tolerant,0.25,0.75,1,0.5830891927083334,25.35426830225844,0.8462453650036066,6.161732991536458,0.0027102080639451742,0.0008038340602070093,38214,28660,
kodak,kodim09,kodim09.png,512,768,Hybrid IMCS,0.5,0.5,1,0.9388834635416666,26.101520475313237,0.8427370666505244,6.15400765208888,0.2579782500397414,0.4409316669916734,61508,46148,measurement_bytes=30720
kodak,kodim09,kodim09.png,512,768,JPEG strict,0.5,0.5,0,0.38873291015625,0.0,0.0,255.0,0.0027102080639451742,0.0004490000428631902,38214,19107,image file is truncated (2 bytes not processed)
kodak,kodim09,kodim09.png,512,768,JPEG tolerant,0.5,0.5,1,0.38873291015625,20.431143749364754,0.7620914270115403,11.828992207845053,0.0027102080639451742,0.0005894580390304327,38214,19107,
kodak,kodim09,kodim09.png,512,768,Hybrid IMCS,0.75,0.25,1,0.7826334635416666,26.354226063736796,0.8401868892310146,6.01535214911663,0.2579782500397414,0.3472250410122797,61508,38468,measurement_bytes=30720
kodak,kodim09,kodim09.png,512,768,JPEG strict,0.75,0.25,0,0.19437662760416666,0.0,0.0,255.0,0.0027102080639451742,0.0002964161103591323,38214,9554,image file is truncated (6 bytes not processed)
kodak,kodim09,kodim09.png,512,768,JPEG tolerant,0.75,0.25,1,0.19437662760416666,17.135949691392653,0.6784416504045397,23.011329650878906,0.0027102080639451742,0.0004993330221623182,38214,9554,
kodak,kodim10,kodim10.png,512,768,Hybrid IMCS,0.0,1.0,1,1.2513834635416667,25.741548213059335,0.8545386795041482,6.579842922078613,0.2545795829501003,0.39271108305547386,61508,61508,measurement_bytes=30720
kodak,kodim10,kodim10.png,512,768,JPEG strict,0.0,1.0,1,0.8700358072916666,37.38437720905197,0.9414674975644494,2.4316431681315103,0.003646375029347837,0.0009554580319672823,42764,42764,
kodak,kodim10,kodim10.png,512,768,JPEG tolerant,0.0,1.0,1,0.8700358072916666,37.38437720905197,0.9414674975644494,2.4316431681315103,0.003646375029347837,0.0009459999855607748,42764,42764,
kodak,kodim10,kodim10.png,512,768,Hybrid IMCS,0.1,0.9,1,1.1888834635416667,25.98929214579089,0.8646183189570799,6.479263708361157,0.2545795829501003,0.5574066248955205,61508,58436,measurement_bytes=30720
kodak,kodim10,kodim10.png,512,768,JPEG strict,0.1,0.9,0,0.7830403645833334,0.0,0.0,255.0,0.003646375029347837,0.0006690840236842632,42764,38488,image file is truncated (7 bytes not processed)
kodak,kodim10,kodim10.png,512,768,JPEG tolerant,0.1,0.9,1,0.7830403645833334,27.922441617124466,0.8935272118929474,4.870602925618489,0.003646375029347837,0.0007639999967068434,42764,38488,
kodak,kodim10,kodim10.png,512,768,Hybrid IMCS,0.25,0.75,1,1.0951334635416667,26.465234338906317,0.8673477566812977,6.154951987883774,0.2545795829501003,0.35406895901542157,61508,53828,measurement_bytes=30720
kodak,kodim10,kodim10.png,512,768,JPEG strict,0.25,0.75,0,0.65252685546875,0.0,0.0,255.0,0.003646375029347837,0.0005682919872924685,42764,32073,image file is truncated (3 bytes not processed)
kodak,kodim10,kodim10.png,512,768,JPEG tolerant,0.25,0.75,1,0.65252685546875,21.41500739346113,0.830068037995896,9.565727233886719,0.003646375029347837,0.0007026660023257136,42764,32073,
kodak,kodim10,kodim10.png,512,768,Hybrid IMCS,0.5,0.5,1,0.9388834635416666,26.642434587839126,0.8597389352697503,6.065168849548272,0.2545795829501003,0.5310438750311732,61508,46148,measurement_bytes=30720
kodak,kodim10,kodim10.png,512,768,JPEG strict,0.5,0.5,0,0.4350179036458333,0.0,0.0,255.0,0.003646375029347837,0.00046366697642952204,42764,21382,image file is truncated (4 bytes not processed)
kodak,kodim10,kodim10.png,512,768,JPEG tolerant,0.5,0.5,1,0.4350179036458333,18.079591477186067,0.7413361553525722,17.263394673665363,0.003646375029347837,0.0006253750761970878,42764,21382,
kodak,kodim10,kodim10.png,512,768,Hybrid IMCS,0.75,0.25,1,0.7826334635416666,26.886488033729094,0.8597001021297072,5.909978065676353,0.2545795829501003,0.38264491700101644,61508,38468,measurement_bytes=30720
kodak,kodim10,kodim10.png,512,768,JPEG strict,0.75,0.25,0,0.21750895182291666,0.0,0.0,255.0,0.003646375029347837,0.0003328330349177122,42764,10691,image file is truncated (1 bytes not processed)
kodak,kodim10,kodim10.png,512,768,JPEG tolerant,0.75,0.25,1,0.21750895182291666,17.32815949087213,0.6710162932875251,22.538889567057293,0.003646375029347837,0.0006295000202953815,42764,10691,
kodak,kodim11,kodim11.png,768,512,Hybrid IMCS,0.0,1.0,1,1.2513834635416667,24.344011239882136,0.7774685499647483,8.964537674457821,0.1923880419926718,0.3191460829693824,61508,61508,measurement_bytes=30720
kodak,kodim11,kodim11.png,768,512,JPEG strict,0.0,1.0,1,1.1643473307291667,34.58894107682556,0.9313073972013618,3.2962443033854165,0.0012917909771203995,0.001035165973007679,57230,57230,
kodak,kodim11,kodim11.png,768,512,JPEG tolerant,0.0,1.0,1,1.1643473307291667,34.58894107682556,0.9313073972013618,3.2962443033854165,0.0012917909771203995,0.001019999966956675,57230,57230,
kodak,kodim11,kodim11.png,768,512,Hybrid IMCS,0.1,0.9,1,1.1888834635416667,24.441999623898898,0.7375768406829039,8.883577330875944,0.1923880419926718,0.41529687494039536,61508,58436,measurement_bytes=30720
kodak,kodim11,kodim11.png,768,512,JPEG strict,0.1,0.9,0,1.04791259765625,0.0,0.0,255.0,0.0012917909771203995,0.0007875829469412565,57230,51507,image file is truncated (6 bytes not processed)
kodak,kodim11,kodim11.png,768,512,JPEG tolerant,0.1,0.9,1,1.04791259765625,29.342727191248933,0.8880191057389167,4.379618326822917,0.0012917909771203995,0.0009138330351561308,57230,51507,
kodak,kodim11,kodim11.png,768,512,Hybrid IMCS,0.25,0.75,1,1.0951334635416667,24.82155237324787,0.7377629737191779,8.517935901470638,0.1923880419926718,0.3246863749809563,61508,53828,measurement_bytes=30720
kodak,kodim11,kodim11.png,768,512,JPEG strict,0.25,0.75,0,0.8732503255208334,0.0,0.0,255.0,0.0012917909771203995,0.0006384999724105,57230,42922,image file is truncated (2 bytes not processed)
kodak,kodim11,kodim11.png,768,512,JPEG tolerant,0.25,0.75,1,0.8732503255208334,25.165859058252614,0.8172950018104439,7.169331868489583,0.0012917909771203995,0.0008190419757738709,57230,42922,
kodak,kodim11,kodim11.png,768,512,Hybrid IMCS,0.5,0.5,1,0.9388834635416666,24.948148899007613,0.731267494413984,8.41491641349788,0.1923880419926718,0.3314864169806242,61508,46148,measurement_bytes=30720
kodak,kodim11,kodim11.png,768,512,JPEG strict,0.5,0.5,0,0.5821736653645834,0.0,0.0,255.0,0.0012917909771203995,0.000524166040122509,57230,28615,image file is truncated (9 bytes not processed)
kodak,kodim11,kodim11.png,768,512,JPEG tolerant,0.5,0.5,1,0.5821736653645834,19.580644701684093,0.698667790496765,14.402376810709635,0.0012917909771203995,0.0007178749656304717,57230,28615,
kodak,kodim11,kodim11.png,768,512,Hybrid IMCS,0.75,0.25,1,0.7826334635416666,25.124223581555604,0.7334296894184468,8.24190820202267,0.1923880419926718,0.30599100003018975,61508,38468,measurement_bytes=30720
kodak,kodim11,kodim11.png,768,512,JPEG strict,0.75,0.25,0,0.2910970052083333,0.0,0.0,255.0,0.0012917909771203995,0.0003882079618051648,57230,14308,image file is truncated (3 bytes not processed)
kodak,kodim11,kodim11.png,768,512,JPEG tolerant,0.75,0.25,1,0.2910970052083333,14.882634380953299,0.544799978046305,29.26954396565755,0.0012917909771203995,0.0005263329949229956,57230,14308,
kodak,kodim12,kodim12.png,768,512,Hybrid IMCS,0.0,1.0,1,1.2513834635416667,27.701803907251605,0.8430667115492209,5.583030001045621,0.19722316705156118,0.3236099999630824,61508,61508,measurement_bytes=30720
kodak,kodim12,kodim12.png,768,512,JPEG strict,0.0,1.0,1,0.8321533203125,37.58107231539026,0.9390693138325794,2.3488006591796875,0.0012602079659700394,0.0009612080175429583,40902,40902,
kodak,kodim12,kodim12.png,768,512,JPEG tolerant,0.0,1.0,1,0.8321533203125,37.58107231539026,0.9390693138325794,2.3488006591796875,0.0012602079659700394,0.0008950409246608615,40902,40902,
kodak,kodim12,kodim12.png,768,512,Hybrid IMCS,0.1,0.9,1,1.1888834635416667,27.74888609258952,0.8524547949766482,5.549651525240777,0.19722316705156118,0.41221754194702953,61508,58436,measurement_bytes=30720
kodak,kodim12,kodim12.png,768,512,JPEG strict,0.1,0.9,0,0.7489420572916666,0.0,0.0,255.0,0.0012602079659700394,0.0006344999419525266,40902,36812,image file is truncated (4 bytes not processed)
kodak,kodim12,kodim12.png,768,512,JPEG tolerant,0.1,0.9,1,0.7489420572916666,23.984229631597458,0.9076948934165986,8.231669108072916,0.0012602079659700394,0.0008110830094665289,40902,36812,
kodak,kodim12,kodim12.png,768,512,Hybrid IMCS,0.25,0.75,1,1.0951334635416667,28.14415579424027,0.8348213345526814,5.316574584965645,0.19722316705156118,0.31501654197927564,61508,53828,measurement_bytes=30720
kodak,kodim12,kodim12.png,768,512,JPEG strict,0.25,0.75,0,0.6241048177083334,0.0,0.0,255.0,0.0012602079659700394,0.0005152500234544277,40902,30676,image file is truncated (1 bytes not processed)
kodak,kodim12,kodim12.png,768,512,JPEG tolerant,0.25,0.75,1,0.6241048177083334,20.40024373061652,0.8718860245145716,15.543993631998697,0.0012602079659700394,0.0006772499764338136,40902,30676,
kodak,kodim12,kodim12.png,768,512,Hybrid IMCS,0.5,0.5,1,0.9388834635416666,28.204054149219786,0.832879561342255,5.281989068178994,0.19722316705156118,0.31382612499874085,61508,46148,measurement_bytes=30720
kodak,kodim12,kodim12.png,768,512,JPEG strict,0.5,0.5,0,0.41607666015625,0.0,0.0,255.0,0.0012602079659700394,0.0004146250430494547,40902,20451,image file is truncated (6 bytes not processed)
kodak,kodim12,kodim12.png,768,512,JPEG tolerant,0.5,0.5,1,0.41607666015625,17.407558568188072,0.7925477346107263,25.4795659383138,0.0012602079659700394,0.0006041249725967646,40902,20451,
kodak,kodim12,kodim12.png,768,512,Hybrid IMCS,0.75,0.25,1,0.7826334635416666,28.40018349338498,0.8288397534560795,5.177746328052151,0.19722316705156118,0.2722346669761464,61508,38468,measurement_bytes=30720
kodak,kodim12,kodim12.png,768,512,JPEG strict,0.75,0.25,0,0.20804850260416666,0.0,0.0,255.0,0.0012602079659700394,0.0006388750625774264,40902,10226,image file is truncated (6 bytes not processed)
kodak,kodim12,kodim12.png,768,512,JPEG tolerant,0.75,0.25,1,0.20804850260416666,15.793656254950825,0.7051949805030132,33.738975524902344,0.0012602079659700394,0.00048512499779462814,40902,10226,
kodak,kodim13,kodim13.png,768,512,Hybrid IMCS,0.0,1.0,1,1.2513834635416667,19.859812926644103,0.5886338042833771,17.45216530701988,0.1911505419993773,0.33016566606238484,61508,61508,measurement_bytes=30720
kodak,kodim13,kodim13.png,768,512,JPEG strict,0.0,1.0,1,1.98834228515625,30.34895057389919,0.918545670825386,5.841196695963542,0.0013605839340016246,0.0013393750414252281,97731,97731,
kodak,kodim13,kodim13.png,768,512,JPEG tolerant,0.0,1.0,1,1.98834228515625,30.34895057389919,0.918545670825386,5.841196695963542,0.0013605839340016246,0.0013786250492557883,97731,97731,
kodak,kodim13,kodim13.png,768,512,Hybrid IMCS,0.1,0.9,1,1.1888834635416667,19.923352902104057,0.5774111538541365,17.340233695265386,0.1911505419993773,0.4069455839926377,61508,58436,measurement_bytes=30720
kodak,kodim13,kodim13.png,768,512,JPEG strict,0.1,0.9,0,1.7895100911458333,0.0,0.0,255.0,0.0013605839340016246,0.0010791670065373182,97731,87958,image file is truncated (19 bytes not processed)
kodak,kodim13,kodim13.png,768,512,JPEG tolerant,0.1,0.9,1,1.7895100911458333,23.097646786708488,0.8409514433778362,9.324864705403646,0.0013605839340016246,0.0011781250359490514,97731,87958,
kodak,kodim13,kodim13.png,768,512,Hybrid IMCS,0.25,0.75,1,1.0951334635416667,20.30561584691647,0.5680887806566665,16.583279690410723,0.1911505419993773,0.3092731670476496,61508,53828,measurement_bytes=30720
kodak,kodim13,kodim13.png,768,512,JPEG strict,0.25,0.75,0,1.4912516276041667,0.0,0.0,255.0,0.0013605839340016246,0.0009040420409291983,97731,73298,image file is truncated (9 bytes not processed)
kodak,kodim13,kodim13.png,768,512,JPEG tolerant,0.25,0.75,1,1.4912516276041667,20.733208524485644,0.731192374947406,13.101893107096354,0.0013605839340016246,0.0010245420271530747,97731,73298,
kodak,kodim13,kodim13.png,768,512,Hybrid IMCS,0.5,0.5,1,0.9388834635416666,20.373788034768957,0.5634323406373666,16.441262365824908,0.1911505419993773,0.31047591706737876,61508,46148,measurement_bytes=30720
kodak,kodim13,kodim13.png,768,512,JPEG strict,0.5,0.5,0,0.9941813151041666,0.0,0.0,255.0,0.0013605839340016246,0.0006479999283328652,97731,48866,image file is truncated (22 bytes not processed)
kodak,kodim13,kodim13.png,768,512,JPEG tolerant,0.5,0.5,1,0.9941813151041666,18.316927249480624,0.5679589341958534,18.919960021972656,0.0013605839340016246,0.0008171249646693468,97731,48866,
kodak,kodim13,kodim13.png,768,512,Hybrid IMCS,0.75,0.25,1,0.7826334635416666,20.53669783275315,0.5720004565084421,16.091677580873853,0.1911505419993773,0.27089975005947053,61508,38468,measurement_bytes=30720
kodak,kodim13,kodim13.png,768,512,JPEG strict,0.75,0.25,0,0.4970906575520833,0.0,0.0,255.0,0.0013605839340016246,0.00040616700425744057,97731,24433,image file is truncated (3 bytes not processed)
kodak,kodim13,kodim13.png,768,512,JPEG tolerant,0.75,0.25,1,0.4970906575520833,15.471043884898027,0.3798386020781308,30.998443603515625,0.0013605839340016246,0.0006055409321561456,97731,24433,
kodak,kodim14,kodim14.png,768,512,Hybrid IMCS,0.0,1.0,1,1.2513834635416667,24.04575743911638,0.7253962120530186,10.19580357885979,0.1901378749171272,0.3193543329834938,61508,61508,measurement_bytes=30720
kodak,kodim14,kodim14.png,768,512,JPEG strict,0.0,1.0,1,1.4193318684895833,33.81342384236876,0.9281036061061171,3.796717325846354,0.0012793750502169132,0.0011927919695153832,69763,69763,
kodak,kodim14,kodim14.png,768,512,JPEG tolerant,0.0,1.0,1,1.4193318684895833,33.81342384236876,0.9281036061061171,3.796717325846354,0.0012793750502169132,0.0011124580632895231,69763,69763,
kodak,kodim14,kodim14.png,768,512,Hybrid IMCS,0.1,0.9,1,1.1888834635416667,24.036969589667756,0.7046590212278749,10.179290659233196,0.1901378749171272,0.4058227500645444,61508,58436,measurement_bytes=30720
kodak,kodim14,kodim14.png,768,512,JPEG strict,0.1,0.9,0,1.27740478515625,0.0,0.0,255.0,0.0012793750502169132,0.0008457090007141232,69763,62787,image file is truncated (11 bytes not processed)
kodak,kodim14,kodim14.png,768,512,JPEG tolerant,0.1,0.9,1,1.27740478515625,19.18135729177973,0.848056045387016,12.301256815592447,0.0012793750502169132,0.0010744580067694187,69763,62787,
kodak,kodim14,kodim14.png,768,512,Hybrid IMCS,0.25,0.75,1,1.0951334635416667,24.392293817181976,0.6934886431782776,9.763580433330127,0.1901378749171272,0.308554416988045,61508,53828,measurement_bytes=30720
kodak,kodim14,kodim14.png,768,512,JPEG strict,0.25,0.75,0,1.0644938151041667,0.0,0.0,255.0,0.0012793750502169132,0.0007100829388946295,69763,52322,image file is truncated (12 bytes not processed)
kodak,kodim14,kodim14.png,768,512,JPEG tolerant,0.25,0.75,1,1.0644938151041667,15.923899693594043,0.7507654293393746,23.06617482503255,0.0012793750502169132,0.0008596660336479545,69763,52322,
kodak,kodim14,kodim14.png,768,512,Hybrid IMCS,0.5,0.5,1,0.9388834635416666,24.445366216697426,0.7160217468147376,9.652307298867408,0.1901378749171272,0.30891899997368455,61508,46148,measurement_bytes=30720
kodak,kodim14,kodim14.png,768,512,JPEG strict,0.5,0.5,0,0.7096761067708334,0.0,0.0,255.0,0.0012793750502169132,0.0005029579624533653,69763,34882,image file is truncated (7 bytes not processed)
kodak,kodim14,kodim14.png,768,512,JPEG tolerant,0.5,0.5,1,0.7096761067708334,14.406665512735286,0.6075761591914292,32.88030242919922,0.0012793750502169132,0.0007798749720677733,69763,34882,
kodak,kodim14,kodim14.png,768,512,Hybrid IMCS,0.75,0.25,1,0.7826334635416666,24.55749926346446,0.7003155250799565,9.503369953604642,0.1901378749171272,0.2661026669666171,61508,38468,measurement_bytes=30720
kodak,kodim14,kodim14.png,768,512,JPEG strict,0.75,0.25,0,0.3548380533854167,0.0,0.0,255.0,0.0012793750502169132,0.00030162499751895666,69763,17441,image file is truncated (0 bytes not processed)
kodak,kodim14,kodim14.png,768,512,JPEG tolerant,0.75,0.25,1,0.3548380533854167,13.742865703654566,0.4622456588703317,39.37151590983073,0.0012793750502169132,0.0005325839156284928,69763,17441,
kodak,kodim15,kodim15.png,768,512,Hybrid IMCS,0.0,1.0,1,1.2513834635416667,26.316045878309016,0.8421694317158122,6.261418502467376,0.18857283401302993,0.31864366692025214,61508,61508,measurement_bytes=30720
kodak,kodim15,kodim15.png,768,512,JPEG strict,0.0,1.0,1,0.8477376302083334,36.666045570530045,0.9386065053841621,2.4513448079427085,0.001190457958728075,0.0009254999458789825,41668,41668,
kodak,kodim15,kodim15.png,768,512,JPEG tolerant,0.0,1.0,1,0.8477376302083334,36.666045570530045,0.9386065053841621,2.4513448079427085,0.001190457958728075,0.0008790829451754689,41668,41668,
kodak,kodim15,kodim15.png,768,512,Hybrid IMCS,0.1,0.9,1,1.1888834635416667,26.39094990070706,0.8496328512708411,6.2159191809460985,0.18857283401302993,0.4037172090029344,61508,58436,measurement_bytes=30720
kodak,kodim15,kodim15.png,768,512,JPEG strict,0.1,0.9,0,0.7629597981770834,0.0,0.0,255.0,0.001190457958728075,0.0011816669721156359,41668,37501,image file is truncated (6 bytes not processed)
kodak,kodim15,kodim15.png,768,512,JPEG tolerant,0.1,0.9,1,0.7629597981770834,21.052938733709915,0.8857755872865147,7.868415832519531,0.001190457958728075,0.0009011669317260385,41668,37501,
kodak,kodim15,kodim15.png,768,512,Hybrid IMCS,0.25,0.75,1,1.0951334635416667,26.74192646079767,0.837995627540022,5.950041434042759,0.18857283401302993,0.31143620796501637,61508,53828,measurement_bytes=30720
kodak,kodim15,kodim15.png,768,512,JPEG strict,0.25,0.75,0,0.63580322265625,0.0,0.0,255.0,0.001190457958728075,0.0005738330073654652,41668,31251,image file is truncated (0 bytes not processed)
kodak,kodim15,kodim15.png,768,512,JPEG tolerant,0.25,0.75,1,0.63580322265625,15.909684960302581,0.8105757537488735,20.082293192545574,0.001190457958728075,0.0007790829986333847,41668,31251,
kodak,kodim15,kodim15.png,768,512,Hybrid IMCS,0.5,0.5,1,0.9388834635416666,26.78475644302065,0.8475796766198673,5.887690525860393,0.18857283401302993,0.3117197919636965,61508,46148,measurement_bytes=30720
kodak,kodim15,kodim15.png,768,512,JPEG strict,0.5,0.5,0,0.4238688151041667,0.0,0.0,255.0,0.001190457958728075,0.00038520805537700653,41668,20834,image file is truncated (3 bytes not processed)
kodak,kodim15,kodim15.png,768,512,JPEG tolerant,0.5,0.5,1,0.4238688151041667,12.216895239522941,0.6965770320483262,43.77720387776693,0.001190457958728075,0.0005739579210057855,41668,20834,
kodak,kodim15,kodim15.png,768,512,Hybrid IMCS,0.75,0.25,1,0.7826334635416666,26.950240620117096,0.8344279618649776,5.759438463321811,0.18857283401302993,0.267400584067218,61508,38468,measurement_bytes=30720
kodak,kodim15,kodim15.png,768,512,JPEG strict,0.75,0.25,0,0.21193440755208334,0.0,0.0,255.0,0.001190457958728075,0.0002720420015975833,41668,10417,image file is truncated (13 bytes not processed)
kodak,kodim15,kodim15.png,768,512,JPEG tolerant,0.75,0.25,1,0.21193440755208334,10.55893872001705,0.581229577857638,63.07622782389323,0.001190457958728075,0.0004886670503765345,41668,10417,
kodak,kodim16,kodim16.png,768,512,Hybrid IMCS,0.0,1.0,1,1.2513834635416667,27.469097083129952,0.752498751883738,6.517102504226408,0.18923454196192324,0.32028345798607916,61508,61508,measurement_bytes=30720
kodak,kodim16,kodim16.png,768,512,JPEG strict,0.0,1.0,1,0.9789225260416666,35.93617243585038,0.9400585408927348,2.7794087727864585,0.001216749893501401,0.0009630840504541993,48116,48116,
kodak,kodim16,kodim16.png,768,512,JPEG tolerant,0.0,1.0,1,0.9789225260416666,35.93617243585038,0.9400585408927348,2.7794087727864585,0.001216749893501401,0.0009657499613240361,48116,48116,
kodak,kodim16,kodim16.png,768,512,Hybrid IMCS,0.1,0.9,1,1.1888834635416667,27.395957556218022,0.7614557832884593,6.523157378904816,0.18923454196192324,0.4123898330144584,61508,58436,measurement_bytes=30720
kodak,kodim16,kodim16.png,768,512,JPEG strict,0.1,0.9,0,0.8810221354166666,0.0,0.0,255.0,0.001216749893501401,0.000705125043168664,48116,43304,image file is truncated (6 bytes not processed)
kodak,kodim16,kodim16.png,768,512,JPEG tolerant,0.1,0.9,1,0.8810221354166666,20.329956959571508,0.8783054132098912,9.769920349121094,0.001216749893501401,0.0008275830186903477,48116,43304,
kodak,kodim16,kodim16.png,768,512,Hybrid IMCS,0.25,0.75,1,1.0951334635416667,27.73258176077491,0.7479420713146431,6.272858153760989,0.18923454196192324,0.306969958008267,61508,53828,measurement_bytes=30720
kodak,kodim16,kodim16.png,768,512,JPEG strict,0.25,0.75,0,0.73419189453125,0.0,0.0,255.0,0.001216749893501401,0.0005860829260200262,48116,36087,image file is truncated (2 bytes not processed)
kodak,kodim16,kodim16.png,768,512,JPEG tolerant,0.25,0.75,1,0.73419189453125,17.614663024415613,0.805957163763774,16.733749389648438,0.001216749893501401,0.0007336660055443645,48116,36087,
kodak,kodim16,kodim16.png,768,512,Hybrid IMCS,0.5,0.5,1,0.9388834635416666,27.725894702355063,0.7457214993512898,6.253525293290977,0.18923454196192324,0.32153475005179644,61508,46148,measurement_bytes=30720
kodak,kodim16,kodim16.png,768,512,JPEG strict,0.5,0.5,0,0.4894612630208333,0.0,0.0,255.0,0.001216749893501401,0.0004811250837519765,48116,24058,image file is truncated (7 bytes not processed)
kodak,kodim16,kodim16.png,768,512,JPEG tolerant,0.5,0.5,1,0.4894612630208333,16.179575216710585,0.6925108985031608,23.899993896484375,0.001216749893501401,0.0006459580035880208,48116,24058,
kodak,kodim16,kodim16.png,768,512,Hybrid IMCS,0.75,0.25,1,0.7826334635416666,27.820186107519156,0.7472193150635325,6.157996301673955,0.18923454196192324,0.28043858299497515,61508,38468,measurement_bytes=30720
kodak,kodim16,kodim16.png,768,512,JPEG strict,0.75,0.25,0,0.24473063151041666,0.0,0.0,255.0,0.001216749893501401,0.0003036661073565483,48116,12029,image file is truncated (4 bytes not processed)
kodak,kodim16,kodim16.png,768,512,JPEG tolerant,0.75,0.25,1,0.24473063151041666,15.451240761998692,0.5960074792120192,29.32097625732422,0.001216749893501401,0.0004934170283377171,48116,12029,
kodak,kodim17,kodim17.png,512,768,Hybrid IMCS,0.0,1.0,1,1.2513834635416667,26.493771919309662,0.8417865130766898,6.533164704140456,0.19397945795208216,0.3320778749184683,61508,61508,measurement_bytes=30720
kodak,kodim17,kodim17.png,512,768,JPEG strict,0.0,1.0,1,0.9729410807291666,36.47784330902477,0.9448949470556688,2.5946629842122397,0.0012973749544471502,0.0009741670219227672,47822,47822,
kodak,kodim17,kodim17.png,512,768,JPEG tolerant,0.0,1.0,1,0.9729410807291666,36.47784330902477,0.9448949470556688,2.5946629842122397,0.0012973749544471502,0.0010082910303026438,47822,47822,
kodak,kodim17,kodim17.png,512,768,Hybrid IMCS,0.1,0.9,1,1.1888834635416667,26.588263832372192,0.8469438164765274,6.496644554124717,0.19397945795208216,0.43088724999688566,61508,58436,measurement_bytes=30720
kodak,kodim17,kodim17.png,512,768,JPEG strict,0.1,0.9,0,0.8756510416666666,0.0,0.0,255.0,0.0012973749544471502,0.0006639999337494373,47822,43040,image file is truncated (9 bytes not processed)
kodak,kodim17,kodim17.png,512,768,JPEG tolerant,0.1,0.9,1,0.8756510416666666,20.965364469769533,0.8851550032698937,8.981335957845053,0.0012973749544471502,0.0008057910017669201,47822,43040,
kodak,kodim17,kodim17.png,512,768,Hybrid IMCS,0.25,0.75,1,1.0951334635416667,26.981159887726204,0.8479127913425263,6.214232724137631,0.19397945795208216,0.3239837499568239,61508,53828,measurement_bytes=30720
kodak,kodim17,kodim17.png,512,768,JPEG strict,0.25,0.75,0,0.7296956380208334,0.0,0.0,255.0,0.0012973749544471502,0.0005682919872924685,47822,35866,image file is truncated (0 bytes not processed)
kodak,kodim17,kodim17.png,512,768,JPEG tolerant,0.25,0.75,1,0.7296956380208334,17.263044004135544,0.8098380768444938,18.05664825439453,0.0012973749544471502,0.0008399999933317304,47822,35866,
kodak,kodim17,kodim17.png,512,768,Hybrid IMCS,0.5,0.5,1,0.9388834635416666,27.133515974291697,0.8426612559116715,6.11609280319761,0.19397945795208216,0.310983291012235,61508,46148,measurement_bytes=30720
kodak,kodim17,kodim17.png,512,768,JPEG strict,0.5,0.5,0,0.4864705403645833,0.0,0.0,255.0,0.0012973749544471502,0.00044916593469679356,47822,23911,image file is truncated (7 bytes not processed)
kodak,kodim17,kodim17.png,512,768,JPEG tolerant,0.5,0.5,1,0.4864705403645833,16.50548548007886,0.7114220609779055,22.77208201090495,0.0012973749544471502,0.0006996250012889504,47822,23911,
kodak,kodim17,kodim17.png,512,768,Hybrid IMCS,0.75,0.25,1,0.7826334635416666,27.307967479990012,0.8155828340361189,6.01219411993516,0.19397945795208216,0.2762770840199664,61508,38468,measurement_bytes=30720
kodak,kodim17,kodim17.png,512,768,JPEG strict,0.75,0.25,0,0.24324544270833334,0.0,0.0,255.0,0.0012973749544471502,0.00030049995984882116,47822,11956,image file is truncated (13 bytes not processed)
kodak,kodim17,kodim17.png,512,768,JPEG tolerant,0.75,0.25,1,0.24324544270833334,14.995562776661014,0.597178716991603,32.63647969563802,0.0012973749544471502,0.0005114579107612371,47822,11956,
kodak,kodim18,kodim18.png,512,768,Hybrid IMCS,0.0,1.0,1,1.2513834635416667,22.982128119373076,0.7500033305626723,10.92658007632599,0.19643137499224395,0.32736154191661626,61508,61508,measurement_bytes=30720
kodak,kodim18,kodim18.png,512,768,JPEG strict,0.0,1.0,1,1.3888956705729167,33.43830536559042,0.9278635318323037,3.8722050984700522,0.0013164590345695615,0.001151417032815516,68267,68267,
kodak,kodim18,kodim18.png,512,768,JPEG tolerant,0.0,1.0,1,1.3888956705729167,33.43830536559042,0.9278635318323037,3.8722050984700522,0.0013164590345695615,0.0011338329641148448,68267,68267,
kodak,kodim18,kodim18.png,512,768,Hybrid IMCS,0.1,0.9,1,1.1888834635416667,23.013364343929897,0.7581000054709591,10.884760749204643,0.19643137499224395,0.42176133301109076,61508,58436,measurement_bytes=30720
kodak,kodim18,kodim18.png,512,768,JPEG strict,0.1,0.9,0,1.25,0.0,0.0,255.0,0.0013164590345695615,0.0008857089560478926,68267,61440,image file is truncated (7 bytes not processed)
kodak,kodim18,kodim18.png,512,768,JPEG tolerant,0.1,0.9,1,1.25,26.47333839839344,0.879994852349831,5.591911315917969,0.0013164590345695615,0.001006915932521224,68267,61440,
kodak,kodim18,kodim18.png,512,768,Hybrid IMCS,0.25,0.75,1,1.0951334635416667,23.41361055545738,0.7464349396650597,10.387017479007634,0.19643137499224395,0.31713145901449025,61508,53828,measurement_bytes=30720
kodak,kodim18,kodim18.png,512,768,JPEG strict,0.25,0.75,0,1.0416666666666667,0.0,0.0,255.0,0.0013164590345695615,0.0007460829801857471,68267,51200,image file is truncated (6 bytes not processed)
kodak,kodim18,kodim18.png,512,768,JPEG tolerant,0.25,0.75,1,1.0416666666666667,17.998189778089312,0.7728618685810832,17.12115224202474,0.0013164590345695615,0.0008989999769255519,68267,51200,
kodak,kodim18,kodim18.png,512,768,Hybrid IMCS,0.5,0.5,1,0.9388834635416666,23.526503110074977,0.7256902146112708,10.283300899009673,0.19643137499224395,0.30884125002194196,61508,46148,measurement_bytes=30720
kodak,kodim18,kodim18.png,512,768,JPEG strict,0.5,0.5,0,0.6944580078125,0.0,0.0,255.0,0.0013164590345695615,0.000531708006747067,68267,34134,image file is truncated (3 bytes not processed)
kodak,kodim18,kodim18.png,512,768,JPEG tolerant,0.5,0.5,1,0.6944580078125,15.191482608099815,0.6181934158176983,30.755991617838543,0.0013164590345695615,0.000852875062264502,68267,34134,
kodak,kodim18,kodim18.png,512,768,Hybrid IMCS,0.75,0.25,1,0.7826334635416666,23.638360604607627,0.726450824511698,10.112142356011416,0.19643137499224395,0.2764611670281738,61508,38468,measurement_bytes=30720
kodak,kodim18,kodim18.png,512,768,JPEG strict,0.75,0.25,0,0.34722900390625,0.0,0.0,255.0,0.0013164590345695615,0.0003453749231994152,68267,17067,image file is truncated (10 bytes not processed)
kodak,kodim18,kodim18.png,512,768,JPEG tolerant,0.75,0.25,1,0.34722900390625,13.33268197208444,0.4681717406289556,43.427818298339844,0.0013164590345695615,0.0005681250477209687,68267,17067,
kodak,kodim19,kodim19.png,512,768,Hybrid IMCS,0.0,1.0,1,1.2513834635416667,22.61828372857299,0.7516039200609536,10.007595669792252,0.2024469169555232,0.3217521249316633,61508,61508,measurement_bytes=30720
kodak,kodim19,kodim19.png,512,768,JPEG strict,0.0,1.0,1,1.0955607096354167,34.97400646405542,0.9319819263339291,3.184727986653646,0.001293417066335678,0.0009818749967962503,53849,53849,
kodak,kodim19,kodim19.png,512,768,JPEG tolerant,0.0,1.0,1,1.0955607096354167,34.97400646405542,0.9319819263339291,3.184727986653646,0.001293417066335678,0.0010544999968260527,53849,53849,
kodak,kodim19,kodim19.png,512,768,Hybrid IMCS,0.1,0.9,1,1.1888834635416667,22.779311051997535,0.7510568453051544,9.89951123831071,0.2024469169555232,0.4096967501100153,61508,58436,measurement_bytes=30720
kodak,kodim19,kodim19.png,512,768,JPEG strict,0.1,0.9,0,0.9860026041666666,0.0,0.0,255.0,0.001293417066335678,0.0007510829018428922,53849,48464,image file is truncated (2 bytes not processed)
kodak,kodim19,kodim19.png,512,768,JPEG tolerant,0.1,0.9,1,0.9860026041666666,23.54923315582877,0.8843799183388027,7.126838684082031,0.001293417066335678,0.0008633749093860388,53849,48464,
kodak,kodim19,kodim19.png,512,768,Hybrid IMCS,0.25,0.75,1,1.0951334635416667,23.176962081881914,0.7427621335602849,9.480120663522282,0.2024469169555232,0.3071997920051217,61508,53828,measurement_bytes=30720
kodak,kodim19,kodim19.png,512,768,JPEG strict,0.25,0.75,0,0.8216756184895834,0.0,0.0,255.0,0.001293417066335678,0.0006188330007717013,53849,40387,image file is truncated (10 bytes not processed)
kodak,kodim19,kodim19.png,512,768,JPEG tolerant,0.25,0.75,1,0.8216756184895834,19.826519234315242,0.8159965858393212,13.120437622070312,0.001293417066335678,0.0007555420743301511,53849,40387,
kodak,kodim19,kodim19.png,512,768,Hybrid IMCS,0.5,0.5,1,0.9388834635416666,23.27685789980692,0.7422079465963102,9.39648906322818,0.2024469169555232,0.3086034170119092,61508,46148,measurement_bytes=30720
kodak,kodim19,kodim19.png,512,768,JPEG strict,0.5,0.5,0,0.5477701822916666,0.0,0.0,255.0,0.001293417066335678,0.0005002079997211695,53849,26924,image file is truncated (6 bytes not processed)
kodak,kodim19,kodim19.png,512,768,JPEG tolerant,0.5,0.5,1,0.5477701822916666,16.978504081953165,0.6892546949311664,21.734949747721355,0.001293417066335678,0.0006654580356553197,53849,26924,
kodak,kodim19,kodim19.png,512,768,Hybrid IMCS,0.75,0.25,1,0.7826334635416666,23.461643947697027,0.7479314995875929,9.223278859336956,0.2024469169555232,0.27665654197335243,61508,38468,measurement_bytes=30720
kodak,kodim19,kodim19.png,512,768,JPEG strict,0.75,0.25,0,0.2738850911458333,0.0,0.0,255.0,0.001293417066335678,0.000325417029671371,53849,13462,image file is truncated (3 bytes not processed)
kodak,kodim19,kodim19.png,512,768,JPEG tolerant,0.75,0.25,1,0.2738850911458333,15.26452916701767,0.570984809766179,29.925092061360676,0.001293417066335678,0.0005170420045033097,53849,13462,
kodak,kodim20,kodim20.png,768,512,Hybrid IMCS,0.0,1.0,1,1.2513834635416667,25.66410148668656,0.8767740917744513,5.826656191396856,0.19294979190453887,0.29428012494463474,61508,61508,measurement_bytes=30720
kodak,kodim20,kodim20.png,768,512,JPEG strict,0.0,1.0,1,0.7489013671875,36.65547743430666,0.9525385710695495,2.1506881713867188,0.001160374958999455,0.0008235420100390911,36810,36810,
kodak,kodim20,kodim20.png,768,512,JPEG tolerant,0.0,1.0,1,0.7489013671875,36.65547743430666,0.9525385710695495,2.1506881713867188,0.001160374958999455,0.0008390420116484165,36810,36810,
kodak,kodim20,kodim20.png,768,512,Hybrid IMCS,0.1,0.9,1,1.1888834635416667,25.65966089571551,0.8774882629026476,5.809158112814258,0.19294979190453887,0.3888180829817429,61508,58436,measurement_bytes=30720
kodak,kodim20,kodim20.png,768,512,JPEG strict,0.1,0.9,0,0.67401123046875,0.0,0.0,255.0,0.001160374958999455,0.0005849170265719295,36810,33129,image file is truncated (2 bytes not processed)
kodak,kodim20,kodim20.png,768,512,JPEG tolerant,0.1,0.9,1,0.67401123046875,26.02314994883221,0.9178023021532814,4.27215576171875,0.001160374958999455,0.0006869579665362835,36810,33129,
kodak,kodim20,kodim20.png,768,512,Hybrid IMCS,0.25,0.75,1,1.0951334635416667,26.138311762781154,0.8674431562557078,5.523695759597127,0.19294979190453887,0.3099854999454692,61508,53828,measurement_bytes=30720
kodak,kodim20,kodim20.png,768,512,JPEG strict,0.25,0.75,0,0.5616861979166666,0.0,0.0,255.0,0.001160374958999455,0.0005120000569149852,36810,27608,image file is truncated (10 bytes not processed)
kodak,kodim20,kodim20.png,768,512,JPEG tolerant,0.25,0.75,1,0.5616861979166666,21.65854873153698,0.8700886545295008,8.400922139485678,0.001160374958999455,0.000637458055280149,36810,27608,
kodak,kodim20,kodim20.png,768,512,Hybrid IMCS,0.5,0.5,1,0.9388834635416666,26.174882898191743,0.8684504315591336,5.483918807535581,0.19294979190453887,0.3088898340938613,61508,46148,measurement_bytes=30720
kodak,kodim20,kodim20.png,768,512,JPEG strict,0.5,0.5,0,0.37445068359375,0.0,0.0,255.0,0.001160374958999455,0.0004028331022709608,36810,18405,image file is truncated (6 bytes not processed)
kodak,kodim20,kodim20.png,768,512,JPEG tolerant,0.5,0.5,1,0.37445068359375,17.889567556578115,0.7828601702421877,16.02160390218099,0.001160374958999455,0.0005532499635592103,36810,18405,
kodak,kodim20,kodim20.png,768,512,Hybrid IMCS,0.75,0.25,1,0.7826334635416666,26.323696508779534,0.8697982695018868,5.372470757353358,0.19294979190453887,0.27000924991443753,61508,38468,measurement_bytes=30720
kodak,kodim20,kodim20.png,768,512,JPEG strict,0.75,0.25,0,0.18721516927083334,0.0,0.0,255.0,0.001160374958999455,0.0003316249931231141,36810,9202,image file is truncated (15 bytes not processed)
kodak,kodim20,kodim20.png,768,512,JPEG tolerant,0.75,0.25,1,0.18721516927083334,15.085465999268479,0.6944744988605378,26.986612955729168,0.001160374958999455,0.00047325005289167166,36810,9202,
kodak,kodim21,kodim21.png,768,512,Hybrid IMCS,0.0,1.0,1,1.2513834635416667,23.98829707752452,0.7828252666914327,8.910687919920763,0.18899054208304733,0.31762487499509007,61508,61508,measurement_bytes=30720
kodak,kodim21,kodim21.png,768,512,JPEG strict,0.0,1.0,1,1.0983479817708333,34.18086084052388,0.9404980060520937,3.3447265625,0.0012236250331625342,0.000990667031146586,53986,53986,
kodak,kodim21,kodim21.png,768,512,JPEG tolerant,0.0,1.0,1,1.0983479817708333,34.18086084052388,0.9404980060520937,3.3447265625,0.0012236250331625342,0.0009688748978078365,53986,53986,
kodak,kodim21,kodim21.png,768,512,Hybrid IMCS,0.1,0.9,1,1.1888834635416667,23.98226509333427,0.78403191399437,8.900236347427295,0.18899054208304733,0.4044352079508826,61508,58436,measurement_bytes=30720
kodak,kodim21,kodim21.png,768,512,JPEG strict,0.1,0.9,0,0.9885050455729166,0.0,0.0,255.0,0.0012236250331625342,0.0007177500519901514,53986,48587,image file is truncated (19 bytes not processed)
kodak,kodim21,kodim21.png,768,512,JPEG tolerant,0.1,0.9,1,0.9885050455729166,23.114219288944795,0.8862745965469383,7.3819834391276045,0.0012236250331625342,0.0008345410460606217,53986,48587,
kodak,kodim21,kodim21.png,768,512,Hybrid IMCS,0.25,0.75,1,1.0951334635416667,24.37807069457762,0.7905478817400738,8.523083958185449,0.18899054208304733,0.3079386670142412,61508,53828,measurement_bytes=30720
kodak,kodim21,kodim21.png,768,512,JPEG strict,0.25,0.75,0,0.8237711588541666,0.0,0.0,255.0,0.0012236250331625342,0.0006300420500338078,53986,40490,image file is truncated (2 bytes not processed)
kodak,kodim21,kodim21.png,768,512,JPEG tolerant,0.25,0.75,1,0.8237711588541666,19.494079623448528,0.814261715133448,12.59906260172526,0.0012236250331625342,0.0007619999814778566,53986,40490,
kodak,kodim21,kodim21.png,768,512,Hybrid IMCS,0.5,0.5,1,0.9388834635416666,24.382417091016954,0.775453205701519,8.511329529561506,0.18899054208304733,0.3079140830086544,61508,46148,measurement_bytes=30720
kodak,kodim21,kodim21.png,768,512,JPEG strict,0.5,0.5,0,0.5491739908854166,0.0,0.0,255.0,0.0012236250331625342,0.0004860420012846589,53986,26993,image file is truncated (15 bytes not processed)
kodak,kodim21,kodim21.png,768,512,JPEG tolerant,0.5,0.5,1,0.5491739908854166,17.53477193567604,0.707751538285183,18.12530517578125,0.0012236250331625342,0.0007275000680238008,53986,26993,
kodak,kodim21,kodim21.png,768,512,Hybrid IMCS,0.75,0.25,1,0.7826334635416666,24.527470756525332,0.7878687054999629,8.342802365594261,0.18899054208304733,0.27154270908795297,61508,38468,measurement_bytes=30720
kodak,kodim21,kodim21.png,768,512,JPEG strict,0.75,0.25,0,0.2745768229166667,0.0,0.0,255.0,0.0012236250331625342,0.00044620793778449297,53986,13496,image file is truncated (12 bytes not processed)
kodak,kodim21,kodim21.png,768,512,JPEG tolerant,0.75,0.25,1,0.2745768229166667,16.271501348179388,0.5984566270600326,23.98175811767578,0.0012236250331625342,0.0005672089755535126,53986,13496,
kodak,kodim22,kodim22.png,768,512,Hybrid IMCS,0.0,1.0,1,1.2513834635416667,25.34538729642135,0.7370849270926415,8.19109677007476,0.19573870894964784,0.32616779196541756,61508,61508,measurement_bytes=30720
kodak,kodim22,kodim22.png,768,512,JPEG strict,0.0,1.0,1,1.11798095703125,34.98605711348897,0.9277642963292004,3.2038701375325522,0.0013165000127628446,0.0010520840296521783,54951,54951,
kodak,kodim22,kodim22.png,768,512,JPEG tolerant,0.0,1.0,1,1.11798095703125,34.98605711348897,0.9277642963292004,3.2038701375325522,0.0013165000127628446,0.0010036249877884984,54951,54951,
kodak,kodim22,kodim22.png,768,512,Hybrid IMCS,0.1,0.9,1,1.1888834635416667,25.410451657169844,0.7257253905256581,8.104577012086638,0.19573870894964784,0.40951149992179126,61508,58436,measurement_bytes=30720
kodak,kodim22,kodim22.png,768,512,JPEG strict,0.1,0.9,0,1.0061848958333333,0.0,0.0,255.0,0.0013165000127628446,0.0007317919516935945,54951,49456,image file is truncated (0 bytes not processed)
kodak,kodim22,kodim22.png,768,512,JPEG tolerant,0.1,0.9,1,1.0061848958333333,25.129826359449318,0.8744937219642027,6.646400451660156,0.0013165000127628446,0.0008577910484746099,54951,49456,
kodak,kodim22,kodim22.png,768,512,Hybrid IMCS,0.25,0.75,1,1.0951334635416667,25.833133423320817,0.729550354862031,7.738136400387982,0.19573870894964784,0.30870737496297807,61508,53828,measurement_bytes=30720
kodak,kodim22,kodim22.png,768,512,JPEG strict,0.25,0.75,0,0.8384806315104166,0.0,0.0,255.0,0.0013165000127628446,0.0006831249920651317,54951,41213,image file is truncated (0 bytes not processed)
kodak,kodim22,kodim22.png,768,512,JPEG tolerant,0.25,0.75,1,0.8384806315104166,20.89700724224795,0.7986009046297718,12.829236348470053,0.0013165000127628446,0.0008856249041855335,54951,41213,
kodak,kodim22,kodim22.png,768,512,Hybrid IMCS,0.5,0.5,1,0.9388834635416666,25.906046503522035,0.727300380358454,7.657096190710715,0.19573870894964784,0.3056646669283509,61508,46148,measurement_bytes=30720
kodak,kodim22,kodim22.png,768,512,JPEG strict,0.5,0.5,0,0.5590006510416666,0.0,0.0,255.0,0.0013165000127628446,0.00045499997213482857,54951,27476,image file is truncated (1 bytes not processed)
kodak,kodim22,kodim22.png,768,512,JPEG tolerant,0.5,0.5,1,0.5590006510416666,18.155375990721822,0.6857148086867749,20.796834309895832,0.0013165000127628446,0.0006397080142050982,54951,27476,
kodak,kodim22,kodim22.png,768,512,Hybrid IMCS,0.75,0.25,1,0.7826334635416666,26.100904223489884,0.7301868326269118,7.48024138906933,0.19573870894964784,0.2648382500046864,61508,38468,measurement_bytes=30720
kodak,kodim22,kodim22.png,768,512,JPEG strict,0.75,0.25,0,0.2795003255208333,0.0,0.0,255.0,0.0013165000127628446,0.00029858306515961885,54951,13738,image file is truncated (0 bytes not processed)
kodak,kodim22,kodim22.png,768,512,JPEG tolerant,0.75,0.25,1,0.2795003255208333,16.752183054268194,0.5729618758750624,27.42755381266276,0.0013165000127628446,0.0005162080051377416,54951,13738,
kodak,kodim23,kodim23.png,768,512,Hybrid IMCS,0.0,1.0,1,1.2513834635416667,28.374798350500782,0.8997479628307627,4.249083100838349,0.1895277500152588,0.3176322500221431,61508,61508,measurement_bytes=30720
kodak,kodim23,kodim23.png,768,512,JPEG strict,0.0,1.0,1,0.6420694986979166,39.491498332345834,0.9572099171491373,1.8166859944661458,0.0011667079525068402,0.0007932920707389712,31559,31559,
kodak,kodim23,kodim23.png,768,512,JPEG tolerant,0.0,1.0,1,0.6420694986979166,39.491498332345834,0.9572099171491373,1.8166859944661458,0.0011667079525068402,0.0007958329515531659,31559,31559,
kodak,kodim23,kodim23.png,768,512,Hybrid IMCS,0.1,0.9,1,1.1888834635416667,28.381792374554568,0.9086282556333646,4.229795447805826,0.1895277500152588,0.40312504093162715,61508,58436,measurement_bytes=30720
kodak,kodim23,kodim23.png,768,512,JPEG strict,0.1,0.9,0,0.5778605143229166,0.0,0.0,255.0,0.0011667079525068402,0.0005483340937644243,31559,28403,image file is truncated (0 bytes not processed)
kodak,kodim23,kodim23.png,768,512,JPEG tolerant,0.1,0.9,1,0.5778605143229166,23.75747003566349,0.9204955894223402,5.9096425374348955,0.0011667079525068402,0.0006704999832436442,31559,28403,
kodak,kodim23,kodim23.png,768,512,Hybrid IMCS,0.25,0.75,1,1.0951334635416667,28.714058499623523,0.9111457281093457,4.058034626154812,0.1895277500152588,0.30721370805986226,61508,53828,measurement_bytes=30720
kodak,kodim23,kodim23.png,768,512,JPEG strict,0.25,0.75,0,0.4815470377604167,0.0,0.0,255.0,0.0011667079525068402,0.000474542030133307,31559,23669,image file is truncated (2 bytes not processed)
kodak,kodim23,kodim23.png,768,512,JPEG tolerant,0.25,0.75,1,0.4815470377604167,20.20089609792865,0.8833999789487539,12.452196756998697,0.0011667079525068402,0.0006182920187711716,31559,23669,
kodak,kodim23,kodim23.png,768,512,Hybrid IMCS,0.5,0.5,1,0.9388834635416666,28.858683625187204,0.9039935554108297,4.001495842132135,0.1895277500152588,0.3077353750122711,61508,46148,measurement_bytes=30720
kodak,kodim23,kodim23.png,768,512,JPEG strict,0.5,0.5,0,0.321044921875,0.0,0.0,255.0,0.0011667079525068402,0.0003532079281285405,31559,15780,image file is truncated (1 bytes not processed)
kodak,kodim23,kodim23.png,768,512,JPEG tolerant,0.5,0.5,1,0.321044921875,17.266084972732646,0.813589564357987,22.01861063639323,0.0011667079525068402,0.0005362079245969653,31559,15780,
kodak,kodim23,kodim23.png,768,512,Hybrid IMCS,0.75,0.25,1,0.7826334635416666,29.0766169925502,0.9042961178112147,3.906476586028225,0.1895277500152588,0.2659165000077337,61508,38468,measurement_bytes=30720
kodak,kodim23,kodim23.png,768,512,JPEG strict,0.75,0.25,0,0.1605224609375,0.0,0.0,255.0,0.0011667079525068402,0.00027137494180351496,31559,7890,image file is truncated (3 bytes not processed)
kodak,kodim23,kodim23.png,768,512,JPEG tolerant,0.75,0.25,1,0.1605224609375,15.936982659230274,0.74957970564506,28.579198201497395,0.0011667079525068402,0.00046220794320106506,31559,7890,
kodak,kodim24,kodim24.png,768,512,Hybrid IMCS,0.0,1.0,1,1.2513834635416667,22.255720677067043,0.7075314868118671,11.334162164196904,0.18803008389659226,0.31479037506505847,61508,61508,measurement_bytes=30720
kodak,kodim24,kodim24.png,768,512,JPEG strict,0.0,1.0,1,1.3759969075520833,33.598115847052,0.9390028495832206,3.5990397135416665,0.001272166962735355,0.0011454579653218389,67633,67633,
kodak,kodim24,kodim24.png,768,512,JPEG tolerant,0.0,1.0,1,1.3759969075520833,33.598115847052,0.9390028495832206,3.5990397135416665,0.001272166962735355,0.0010991250164806843,67633,67633,
kodak,kodim24,kodim24.png,768,512,Hybrid IMCS,0.1,0.9,1,1.1888834635416667,22.304869573722925,0.7333299390980083,11.245785773357882,0.18803008389659226,0.3964590000687167,61508,58436,measurement_bytes=30720
kodak,kodim24,kodim24.png,768,512,JPEG strict,0.1,0.9,0,1.2384033203125,0.0,0.0,255.0,0.001272166962735355,0.0008134579984471202,67633,60870,image file is truncated (5 bytes not processed)
kodak,kodim24,kodim24.png,768,512,JPEG tolerant,0.1,0.9,1,1.2384033203125,23.30252386188747,0.8791973967680752,7.640322367350261,0.001272166962735355,0.0009396250825375319,67633,60870,
kodak,kodim24,kodim24.png,768,512,Hybrid IMCS,0.25,0.75,1,1.0951334635416667,22.75021611951553,0.7298595619275504,10.702599031716185,0.18803008389659226,0.3071887919213623,61508,53828,measurement_bytes=30720
kodak,kodim24,kodim24.png,768,512,JPEG strict,0.25,0.75,0,1.0320027669270833,0.0,0.0,255.0,0.001272166962735355,0.0007097499910742044,67633,50725,image file is truncated (0 bytes not processed)
kodak,kodim24,kodim24.png,768,512,JPEG tolerant,0.25,0.75,1,1.0320027669270833,19.673814674769122,0.7823058557563698,14.107686360677084,0.001272166962735355,0.0008862909162417054,67633,50725,
kodak,kodim24,kodim24.png,768,512,Hybrid IMCS,0.5,0.5,1,0.9388834635416666,22.864329716608257,0.7060310593684284,10.562366818369913,0.18803008389659226,0.3082239580107853,61508,46148,measurement_bytes=30720
kodak,kodim24,kodim24.png,768,512,JPEG strict,0.5,0.5,0,0.68798828125,0.0,0.0,255.0,0.001272166962735355,0.0005022500408813357,67633,33816,image file is truncated (4 bytes not processed)
kodak,kodim24,kodim24.png,768,512,JPEG tolerant,0.5,0.5,1,0.68798828125,16.319702697122864,0.6260200967770362,26.910184224446613,0.001272166962735355,0.0006898330757394433,67633,33816,
kodak,kodim24,kodim24.png,768,512,Hybrid IMCS,0.75,0.25,1,0.7826334635416666,23.012603189596955,0.72096165206701,10.34729156575041,0.18803008389659226,0.26366133301053196,61508,38468,measurement_bytes=30720
kodak,kodim24,kodim24.png,768,512,JPEG strict,0.75,0.25,0,0.343994140625,0.0,0.0,255.0,0.001272166962735355,0.0003201669314876199,67633,16908,image file is truncated (4 bytes not processed)
kodak,kodim24,kodim24.png,768,512,JPEG tolerant,0.75,0.25,1,0.343994140625,14.610235258352198,0.4963801490805988,36.7307383219401,0.001272166962735355,0.0005358329508453608,67633,16908,
